date,agency_name,value,source
2002-01-01,San Francisco Municipal Railway,12311600,NTD
2002-02-01,San Francisco Municipal Railway,11499100,NTD
2002-03-01,San Francisco Municipal Railway,12811300,NTD
2002-04-01,San Francisco Municipal Railway,12150700,NTD
2002-05-01,San Francisco Municipal Railway,12781400,NTD
2002-06-01,San Francisco Municipal Railway,12552800,NTD
2002-07-01,San Francisco Municipal Railway,11943700,NTD
2002-08-01,San Francisco Municipal Railway,12435600,NTD
2002-09-01,San Francisco Municipal Railway,12139890,NTD
2002-10-01,San Francisco Municipal Railway,13125140,NTD
2002-11-01,San Francisco Municipal Railway,12531840,NTD
2002-12-01,San Francisco Municipal Railway,12584400,NTD
2003-01-01,San Francisco Municipal Railway,12870820,NTD
2003-02-01,San Francisco Municipal Railway,11685880,NTD
2003-03-01,San Francisco Municipal Railway,13059600,NTD
2003-04-01,San Francisco Municipal Railway,12786790,NTD
2003-05-01,San Francisco Municipal Railway,13181690,NTD
2003-06-01,San Francisco Municipal Railway,12653300,NTD
2003-07-01,San Francisco Municipal Railway,12438960,NTD
2003-08-01,San Francisco Municipal Railway,12956100,NTD
2003-09-01,San Francisco Municipal Railway,12189140,NTD
2003-10-01,San Francisco Municipal Railway,13298610,NTD
2003-11-01,San Francisco Municipal Railway,12618920,NTD
2003-12-01,San Francisco Municipal Railway,12667450,NTD
2004-01-01,San Francisco Municipal Railway,12941481,NTD
2004-02-01,San Francisco Municipal Railway,11738970,NTD
2004-03-01,San Francisco Municipal Railway,13038650,NTD
2004-04-01,San Francisco Municipal Railway,12877320,NTD
2004-05-01,San Francisco Municipal Railway,13196280,NTD
2004-06-01,San Francisco Municipal Railway,12595050,NTD
2004-07-01,San Francisco Municipal Railway,12036800,NTD
2004-08-01,San Francisco Municipal Railway,13475590,NTD
2004-09-01,San Francisco Municipal Railway,11817950,NTD
2004-10-01,San Francisco Municipal Railway,13015430,NTD
2004-11-01,San Francisco Municipal Railway,10237550,NTD
2004-12-01,San Francisco Municipal Railway,11212640,NTD
2005-01-01,San Francisco Municipal Railway,11902660,NTD
2005-02-01,San Francisco Municipal Railway,10206310,NTD
2005-03-01,San Francisco Municipal Railway,13027010,NTD
2005-04-01,San Francisco Municipal Railway,11981320,NTD
2005-05-01,San Francisco Municipal Railway,10881260,NTD
2005-06-01,San Francisco Municipal Railway,12141420,NTD
2005-07-01,San Francisco Municipal Railway,12379620,NTD
2005-08-01,San Francisco Municipal Railway,13859390,NTD
2005-09-01,San Francisco Municipal Railway,12154540,NTD
2005-10-01,San Francisco Municipal Railway,13386130,NTD
2005-11-01,San Francisco Municipal Railway,10529120,NTD
2005-12-01,San Francisco Municipal Railway,11531980,NTD
2006-01-01,San Francisco Municipal Railway,10661600,NTD
2006-02-01,San Francisco Municipal Railway,10441110,NTD
2006-03-01,San Francisco Municipal Railway,12343460,NTD
2006-04-01,San Francisco Municipal Railway,11936860,NTD
2006-05-01,San Francisco Municipal Railway,13330940,NTD
2006-06-01,San Francisco Municipal Railway,13142160,NTD
2006-07-01,San Francisco Municipal Railway,11967740,NTD
2006-08-01,San Francisco Municipal Railway,13398280,NTD
2006-09-01,San Francisco Municipal Railway,11750150,NTD
2006-10-01,San Francisco Municipal Railway,12940760,NTD
2006-11-01,San Francisco Municipal Railway,10178810,NTD
2006-12-01,San Francisco Municipal Railway,11148310,NTD
2007-01-01,San Francisco Municipal Railway,10265810,NTD
2007-02-01,San Francisco Municipal Railway,10028694,NTD
2007-03-01,San Francisco Municipal Railway,11855890,NTD
2007-04-01,San Francisco Municipal Railway,11465350,NTD
2007-05-01,San Francisco Municipal Railway,12804360,NTD
2007-06-01,San Francisco Municipal Railway,12623040,NTD
2007-07-01,San Francisco Municipal Railway,11863150,NTD
2007-08-01,San Francisco Municipal Railway,13281180,NTD
2007-09-01,San Francisco Municipal Railway,11647460,NTD
2007-10-01,San Francisco Municipal Railway,12827660,NTD
2007-11-01,San Francisco Municipal Railway,10089850,NTD
2007-12-01,San Francisco Municipal Railway,11050890,NTD
2008-01-01,San Francisco Municipal Railway,10242090,NTD
2008-02-01,San Francisco Municipal Railway,10005530,NTD
2008-03-01,San Francisco Municipal Railway,11828510,NTD
2008-04-01,San Francisco Municipal Railway,11438870,NTD
2008-05-01,San Francisco Municipal Railway,12774790,NTD
2008-06-01,San Francisco Municipal Railway,12593880,NTD
2008-07-01,San Francisco Municipal Railway,13812773,NTD
2008-08-01,San Francisco Municipal Railway,13330245,NTD
2008-09-01,San Francisco Municipal Railway,13055473,NTD
2008-10-01,San Francisco Municipal Railway,13310818,NTD
2008-11-01,San Francisco Municipal Railway,11387091,NTD
2008-12-01,San Francisco Municipal Railway,11130440,NTD
2009-01-01,San Francisco Municipal Railway,11495072,NTD
2009-02-01,San Francisco Municipal Railway,10877142,NTD
2009-03-01,San Francisco Municipal Railway,12329327,NTD
2009-04-01,San Francisco Municipal Railway,12026059,NTD
2009-05-01,San Francisco Municipal Railway,12531181,NTD
2009-06-01,San Francisco Municipal Railway,12966401,NTD
2009-07-01,San Francisco Municipal Railway,15147509,NTD
2009-08-01,San Francisco Municipal Railway,15338821,NTD
2009-09-01,San Francisco Municipal Railway,14105450,NTD
2009-10-01,San Francisco Municipal Railway,14472994,NTD
2009-11-01,San Francisco Municipal Railway,11773526,NTD
2009-12-01,San Francisco Municipal Railway,12203934,NTD
2010-01-01,San Francisco Municipal Railway,11476953,NTD
2010-02-01,San Francisco Municipal Railway,10338599,NTD
2010-03-01,San Francisco Municipal Railway,12273934,NTD
2010-04-01,San Francisco Municipal Railway,12002169,NTD
2010-05-01,San Francisco Municipal Railway,12124007,NTD
2010-06-01,San Francisco Municipal Railway,12624011,NTD
2010-07-01,San Francisco Municipal Railway,12136557,NTD
2010-08-01,San Francisco Municipal Railway,12468357,NTD
2010-09-01,San Francisco Municipal Railway,12405623,NTD
2010-10-01,San Francisco Municipal Railway,12618674,NTD
2010-11-01,San Francisco Municipal Railway,11386596,NTD
2010-12-01,San Francisco Municipal Railway,11677006,NTD
2011-01-01,San Francisco Municipal Railway,11800611,NTD
2011-02-01,San Francisco Municipal Railway,11510791,NTD
2011-03-01,San Francisco Municipal Railway,12476065,NTD
2011-04-01,San Francisco Municipal Railway,12280010,NTD
2011-05-01,San Francisco Municipal Railway,12379803,NTD
2011-06-01,San Francisco Municipal Railway,12245776,NTD
2011-07-01,San Francisco Municipal Railway,12911660,NTD
2011-08-01,San Francisco Municipal Railway,13499596,NTD
2011-09-01,San Francisco Municipal Railway,13477963,NTD
2011-10-01,San Francisco Municipal Railway,13396890,NTD
2011-11-01,San Francisco Municipal Railway,12106407,NTD
2011-12-01,San Francisco Municipal Railway,11659633,NTD
2012-01-01,San Francisco Municipal Railway,11485450,NTD
2012-02-01,San Francisco Municipal Railway,11572315,NTD
2012-03-01,San Francisco Municipal Railway,11936009,NTD
2012-04-01,San Francisco Municipal Railway,12083891,NTD
2012-05-01,San Francisco Municipal Railway,11706890,NTD
2012-06-01,San Francisco Municipal Railway,11623167,NTD
2012-07-01,San Francisco Municipal Railway,12104964,NTD
2012-08-01,San Francisco Municipal Railway,13034920,NTD
2012-09-01,San Francisco Municipal Railway,12276861,NTD
2012-10-01,San Francisco Municipal Railway,12815171,NTD
2012-11-01,San Francisco Municipal Railway,11385330,NTD
2012-12-01,San Francisco Municipal Railway,11425946,NTD
2013-01-01,San Francisco Municipal Railway,11155412,NTD
2013-02-01,San Francisco Municipal Railway,10901205,NTD
2013-03-01,San Francisco Municipal Railway,12131507,NTD
2013-04-01,San Francisco Municipal Railway,12372321,NTD
2013-05-01,San Francisco Municipal Railway,12708108,NTD
2013-06-01,San Francisco Municipal Railway,11816475,NTD
2013-07-01,San Francisco Municipal Railway,12091018,NTD
2013-08-01,San Francisco Municipal Railway,12443188,NTD
2013-09-01,San Francisco Municipal Railway,12444861,NTD
2013-10-01,San Francisco Municipal Railway,12683301,NTD
2013-11-01,San Francisco Municipal Railway,11637428,NTD
2013-12-01,San Francisco Municipal Railway,12328580,NTD
2014-01-01,San Francisco Municipal Railway,12717807,NTD
2014-02-01,San Francisco Municipal Railway,11901562,NTD
2014-03-01,San Francisco Municipal Railway,13115723,NTD
2014-04-01,San Francisco Municipal Railway,14377166,NTD
2014-05-01,San Francisco Municipal Railway,14433573,NTD
2014-06-01,San Francisco Municipal Railway,13568213,NTD
2014-07-01,San Francisco Municipal Railway,13833426,NTD
2014-08-01,San Francisco Municipal Railway,13991638,NTD
2014-09-01,San Francisco Municipal Railway,13327502,NTD
2014-10-01,San Francisco Municipal Railway,13683942,NTD
2014-11-01,San Francisco Municipal Railway,11917317,NTD
2014-12-01,San Francisco Municipal Railway,11817047,NTD
2015-01-01,San Francisco Municipal Railway,11885050,NTD
2015-02-01,San Francisco Municipal Railway,11056395,NTD
2015-03-01,San Francisco Municipal Railway,12723525,NTD
2015-04-01,San Francisco Municipal Railway,12149137,NTD
2015-05-01,San Francisco Municipal Railway,12346432,NTD
2015-06-01,San Francisco Municipal Railway,12184179,NTD
2015-07-01,San Francisco Municipal Railway,14129873,NTD
2015-08-01,San Francisco Municipal Railway,14677783,NTD
2015-09-01,San Francisco Municipal Railway,14032883,NTD
2015-10-01,San Francisco Municipal Railway,14242452,NTD
2015-11-01,San Francisco Municipal Railway,12441523,NTD
2015-12-01,San Francisco Municipal Railway,12322481,NTD
2016-01-01,San Francisco Municipal Railway,12085221,NTD
2016-02-01,San Francisco Municipal Railway,12671544,NTD
2016-03-01,San Francisco Municipal Railway,13215374,NTD
2016-04-01,San Francisco Municipal Railway,12743972,NTD
2016-05-01,San Francisco Municipal Railway,13807785,NTD
2016-06-01,San Francisco Municipal Railway,13400852,NTD
2016-07-01,San Francisco Municipal Railway,13687674,NTD
2016-08-01,San Francisco Municipal Railway,14918206,NTD
2016-09-01,San Francisco Municipal Railway,14165537,NTD
2016-10-01,San Francisco Municipal Railway,14364354,NTD
2016-11-01,San Francisco Municipal Railway,13584223,NTD
2016-12-01,San Francisco Municipal Railway,12851966,NTD
2017-01-01,San Francisco Municipal Railway,12891825,NTD
2017-02-01,San Francisco Municipal Railway,12502747,NTD
2017-03-01,San Francisco Municipal Railway,14255321,NTD
2017-04-01,San Francisco Municipal Railway,13556500,NTD
2017-05-01,San Francisco Municipal Railway,14388878,NTD
2017-06-01,San Francisco Municipal Railway,13845842,NTD
2017-07-01,San Francisco Municipal Railway,13882075,NTD
2017-08-01,San Francisco Municipal Railway,14677747,NTD
2017-09-01,San Francisco Municipal Railway,13629395,NTD
2017-10-01,San Francisco Municipal Railway,14391251,NTD
2017-11-01,San Francisco Municipal Railway,13852076,NTD
2017-12-01,San Francisco Municipal Railway,13882075,NTD
2018-01-01,San Francisco Municipal Railway,14168571,NTD
2018-02-01,San Francisco Municipal Railway,12837539,NTD
2018-03-01,San Francisco Municipal Railway,14455066,NTD
2018-04-01,San Francisco Municipal Railway,13852076,NTD
2018-05-01,San Francisco Municipal Railway,14391251,NTD
2018-06-01,San Francisco Municipal Railway,13915891,NTD
2018-07-01,San Francisco Municipal Railway,13968925,NTD
2018-08-01,San Francisco Municipal Railway,14554694,NTD
2018-09-01,San Francisco Municipal Railway,13203040,NTD
2018-10-01,San Francisco Municipal Railway,14554694,NTD
2018-11-01,San Francisco Municipal Railway,13724958,NTD
2018-12-01,San Francisco Municipal Railway,13739890,NTD
2019-01-01,San Francisco Municipal Railway,14032774,NTD
2019-02-01,San Francisco Municipal Railway,12715106,NTD
2019-03-01,San Francisco Municipal Railway,14032774,NTD
2019-04-01,San Francisco Municipal Railway,14017843,NTD
2019-05-01,San Francisco Municipal Railway,14261809,NTD
2019-06-01,San Francisco Municipal Railway,13495924,NTD
2019-07-01,San Francisco Municipal Railway,13445619,NTD
2019-08-01,San Francisco Municipal Railway,14011401,NTD
2019-09-01,San Francisco Municipal Railway,12707764,NTD
2019-10-01,San Francisco Municipal Railway,14011401,NTD
2019-11-01,San Francisco Municipal Railway,13211527,NTD
2019-12-01,San Francisco Municipal Railway,13224746,NTD
2020-01-01,San Francisco Municipal Railway,13507637,NTD
2020-02-01,San Francisco Municipal Railway,12239581,NTD
2020-03-01,San Francisco Municipal Railway,13507637,NTD
2020-04-01,San Francisco Municipal Railway,2030704,NTD
2020-05-01,San Francisco Municipal Railway,2566978,NTD
2020-06-01,San Francisco Municipal Railway,3141651,NTD
2020-07-01,San Francisco Municipal Railway,3553011,NTD
2020-08-01,San Francisco Municipal Railway,3316447,NTD
2020-09-01,San Francisco Municipal Railway,2923093,NTD
2020-10-01,San Francisco Municipal Railway,3257908,NTD
2020-11-01,San Francisco Municipal Railway,3376671,NTD
2020-12-01,San Francisco Municipal Railway,3324624,NTD
2021-01-01,San Francisco Municipal Railway,3256585,NTD
2021-02-01,San Francisco Municipal Railway,3454087,NTD
2021-03-01,San Francisco Municipal Railway,4078770,NTD
2021-04-01,San Francisco Municipal Railway,4146407,NTD
2021-05-01,San Francisco Municipal Railway,4605583,NTD
2021-06-01,San Francisco Municipal Railway,5241171,NTD
2021-07-01,San Francisco Municipal Railway,4633344,NTD
2021-08-01,San Francisco Municipal Railway,5082043,NTD
2021-09-01,San Francisco Municipal Railway,5795253,NTD
2021-10-01,San Francisco Municipal Railway,5906044,NTD
2021-11-01,San Francisco Municipal Railway,5818722,NTD
2021-12-01,San Francisco Municipal Railway,5677373,NTD
2022-01-01,San Francisco Municipal Railway,5294739,NTD
2022-02-01,San Francisco Municipal Railway,5304751,NTD
2022-03-01,San Francisco Municipal Railway,6593916,NTD
2022-04-01,San Francisco Municipal Railway,6601432,NTD
2022-05-01,San Francisco Municipal Railway,6951260,NTD
2022-06-01,San Francisco Municipal Railway,6851912,NTD
2022-07-01,San Francisco Municipal Railway,7023233,NTD
2022-08-01,San Francisco Municipal Railway,7904910,NTD
2022-09-01,San Francisco Municipal Railway,8166881,NTD
2022-10-01,San Francisco Municipal Railway,8444845,NTD
2022-11-01,San Francisco Municipal Railway,7799106,NTD
2022-12-01,San Francisco Municipal Railway,7402170,NTD
2023-01-01,San Francisco Municipal Railway,7604710,NTD
2023-02-01,San Francisco Municipal Railway,7706131,NTD
2023-03-01,San Francisco Municipal Railway,8723973,NTD
2023-04-01,San Francisco Municipal Railway,9244102,NTD
2023-05-01,San Francisco Municipal Railway,9539660,NTD
2023-06-01,San Francisco Municipal Railway,8499985,NTD
2023-07-01,San Francisco Municipal Railway,8653174,NTD
2023-08-01,San Francisco Municipal Railway,9553181,NTD
2023-09-01,San Francisco Municipal Railway,9358537,NTD
2023-10-01,San Francisco Municipal Railway,9663605,NTD
2023-11-01,San Francisco Municipal Railway,8630141,NTD
2023-12-01,San Francisco Municipal Railway,8447522,NTD
2024-01-01,San Francisco Municipal Railway,8709145,NTD
2024-02-01,San Francisco Municipal Railway,8812918,NTD
2024-03-01,San Francisco Municipal Railway,9624408,NTD
2024-04-01,San Francisco Municipal Railway,9496450,NTD
2024-05-01,San Francisco Municipal Railway,10037154,NTD
2024-06-01,San Francisco Municipal Railway,9027587,NTD
2024-07-01,San Francisco Municipal Railway,9466981,NTD
2024-08-01,San Francisco Municipal Railway,9915860,NTD
2024-09-01,San Francisco Municipal Railway,9956673,NTD
2024-10-01,San Francisco Municipal Railway,10584032,NTD
2024-11-01,San Francisco Municipal Railway,8946003,NTD
2024-12-01,San Francisco Municipal Railway,8912815,NTD
2025-01-01,San Francisco Municipal Railway,9370527,NTD
2025-02-01,San Francisco Municipal Railway,8777734,NTD
2025-03-01,San Francisco Municipal Railway,9879118,NTD
2025-04-01,San Francisco Municipal Railway,10206630,NTD
2025-05-01,San Francisco Municipal Railway,10350827,NTD
2025-06-01,San Francisco Municipal Railway,9574657,NTD
2025-07-01,San Francisco Municipal Railway,10070649,NTD
2025-08-01,San Francisco Municipal Railway,10540905,NTD
2025-09-01,San Francisco Municipal Railway,10655235,NTD
2025-10-01,San Francisco Municipal Railway,11025395,NTD
2025-11-01,San Francisco Municipal Railway,9387460,NTD
2025-12-01,San Francisco Municipal Railway,9186092,NTD
2026-01-01,San Francisco Municipal Railway,9921742,NTD
2026-02-01,San Francisco Municipal Railway,9972102,NTD
2026-03-01,San Francisco Municipal Railway,12303972,NTD
2026-04-01,San Francisco Municipal Railway,11876087,NTD
2026-05-01,San Francisco Municipal Railway,12110673,NTD
2026-06-01,San Francisco Municipal Railway,11763131,NTD
